nomefile,nuovo_link
.emptyFolderPlaceholder,https://drive.google.com/uc?export=view&id=133LUQBtZEOUXXhAC4LejcAxbsoOPZ1yK
06qfr4wjrexp_1747590518617.jpeg,https://drive.google.com/uc?export=view&id=1IeUBp4p34hlUxEEdTLt-yo9ugxb3Gq3f
0ftuvm1cz1c8_1745946934827.jpeg,https://drive.google.com/uc?export=view&id=1yX1K3p3Q3WVfpscE9rDvIX-rWB3QtqgF
0y7qkonq32h_1744800496671.jpeg,https://drive.google.com/uc?export=view&id=1SsEaHChSyKKXeeDvdJLINzINOGAseXHx
0yvvwo5hm3j_1744757124452.jpg,https://drive.google.com/uc?export=view&id=1i_fG0_Xpw5uSD8QslLGCU0kbuPRKCkS7
10g14zephwxe_1745690319277.jpeg,https://drive.google.com/uc?export=view&id=1ef9DdmavtX2TAoCAbTDXZ8scGTcM0vTE
12v82yv9rsos_1745659514484.jpeg,https://drive.google.com/uc?export=view&id=14ttIBUUXOy2-JpGbRzcYYrZcz2IE7tW4
18pzromicib_1744925102317.jpeg,https://drive.google.com/uc?export=view&id=1BI6Xfxg69Rg2XMIqDivTDQh0XSz_XMGc
1bsgj7b96zw_1744921990736.jpeg,https://drive.google.com/uc?export=view&id=13CTdYDPb0xbAMZlZlMh1er6-k79E-xrC
1euq7ij7ovo_1744757047209.jpg,https://drive.google.com/uc?export=view&id=1YZruwYgd7cRySsPl2jc101R8zbaZsFXI
1fxvajkdxaq_1747589542555.jpeg,https://drive.google.com/uc?export=view&id=1n0K6ql6_Bwxd82gYrpxnS0qCb7gQmGP1
260g9lrl0st_1745621981555.jpeg,https://drive.google.com/uc?export=view&id=1dXCi_ltrS9fx_tlxg-uQ9ZNcdYsKnnqv
29resyijtcp_1745946939798.jpeg,https://drive.google.com/uc?export=view&id=1_rNFeu9-HjKQzVyeWi_EKwoVhfpNlnq6
2tpxgh8k09o_1746982618577.jpg,https://drive.google.com/uc?export=view&id=1t0pLeq-QLEt5p47ivnPok8TaiK_kNzz5
2yh9qwjnchd_1746982742869.jpg,https://drive.google.com/uc?export=view&id=1UgoWq0ReIQq-t__zxO6Lg9zAS2pk4u2X
2zikqz386el_1744800959663.jpeg,https://drive.google.com/uc?export=view&id=1YMts8zW1SxXsthG734sS-fr6NkuvZ6Z2
319trumjopm_1744800768145.jpeg,https://drive.google.com/uc?export=view&id=1e32-VErmEf8U9OrKKJJq8KY8kbCSNpKC
3ohtwujxale_1745687130670.jpeg,https://drive.google.com/uc?export=view&id=1N9EwPtstWNm9VB6WrNfg8f9FGj4zRPrH
48deu94h2tn_1745767856393.jpeg,https://drive.google.com/uc?export=view&id=1K__C9RdEBwEP945aC6C-Hjo-aVUG8HT3
4ieb0bk5x25_1745621736576.jpg,https://drive.google.com/uc?export=view&id=1rd9M_5lJBKALP9UazkeLfIIfejB-w7de
5l06h82httu_1745688495535.jpeg,https://drive.google.com/uc?export=view&id=1GKbw6RkQU4jLlf7WCBiv5MUaB-Pd61oN
5w7qu3f5jz9_1745624350877.jpeg,https://drive.google.com/uc?export=view&id=1IaxfvaItpzwo_bCw0NbWBPNV7H-zdadM
63343eoihpn_1747589537015.jpeg,https://drive.google.com/uc?export=view&id=1326q_qCyYhwEdBMrlk3zb8n8EO0MptFX
6cvfi7lmx5j_1747588216604.jpeg,https://drive.google.com/uc?export=view&id=1yE2K56YRR0y2-gNYb5tZPmJiw1W8ugjE
6jcfmtwramp_1745657882262.jpeg,https://drive.google.com/uc?export=view&id=1RpRYOcvpqgI3vxoOWFzoo_oOkbTRNPOf
6jijd8iw3f_1746981879799.jpg,https://drive.google.com/uc?export=view&id=1pAq-TvR1IX5xl1iWgizdW8zmpi06W0tD
6n8ha1i8f4b_1746982739552.jpg,https://drive.google.com/uc?export=view&id=1uPk_kAnH1hReF5VSO-KmSnG0qQ7NJole
6pxh4yygwqm_1744924022774.jpeg,https://drive.google.com/uc?export=view&id=1roHrlrDGxvz1pTfuiQZ_mJmIXpfAFv4w
77wdxk60gnr_1745861374116.jpeg,https://drive.google.com/uc?export=view&id=16ibqMY5Uc7RH-RvtYdPrQ_ITjPtkgiWI
78w2g9be03n_1747590512710.jpeg,https://drive.google.com/uc?export=view&id=1Uzh8hW8d9yMPrhXQZONtfMg2Kpdw4AqW
7agpny022hp_1745690734857.jpeg,https://drive.google.com/uc?export=view&id=1pXD8oDZvPk9oAlIgxS2fEjX1zmxEX6Ck
7asxt3bu8m8_1746982069257.jpg,https://drive.google.com/uc?export=view&id=1lqhyi5eQpYGcruK8prOiyHf-M63Pij_T
80gnrg8vdzh_1745624355391.jpeg,https://drive.google.com/uc?export=view&id=1nTL2ZIP2JHWzX8lU1mM4vg42od8rbrqb
85yjhja9moa_1746982409127.jpg,https://drive.google.com/uc?export=view&id=1MKj-Ux0CfH26K5P5qwveq8Ax8wxbvuqd
86n1qvgvjpq_1745659631612.jpeg,https://drive.google.com/uc?export=view&id=1RsSKsAfTEQ9rQiGmn6dpcAZ27JDezs2X
8nayfimaonx_1746982411754.jpg,https://drive.google.com/uc?export=view&id=1f3OJgHZTDGlIgoUCUvggP2yGqjnLuDwk
8wjvylfljnf_1744924015606.jpeg,https://drive.google.com/uc?export=view&id=1aKBjnOmYl2293Z9ppJA2g1GE34Ip24fE
8yyb9lh0sup_1745768140198.jpeg,https://drive.google.com/uc?export=view&id=16-vMrqn4QNwO6HakiFzvaSIRanO5sz70
94ktxb2tfcd_1744921295998.jpeg,https://drive.google.com/uc?export=view&id=1T8-RfxTCLCjG2GSyDiH9b7xYi6fqecmV
94zbw5nqmor_1745688918629.jpeg,https://drive.google.com/uc?export=view&id=1H2ZoCqrjfhj5-wv4KgFMKjnlIo_OAfA8
993wl8v9s5a_1745861132662.jpeg,https://drive.google.com/uc?export=view&id=1aRpluLY0fHd-PxPURNB71hfB8oZV7biy
9bu7vcn4kg9_1745947135804.jpeg,https://drive.google.com/uc?export=view&id=1S0dNQ-2tyFlp6-DwTTILo5e-rI50JaUE
9deeenn11e_1746982913212.jpg,https://drive.google.com/uc?export=view&id=13kUtLyeQi5yNZkAAU2z4YVqnq8Y2rupf
9sq1woob6pf_1745623062516.jpeg,https://drive.google.com/uc?export=view&id=1Huva4tPo97JSgWvV9Rq92LVI0OttO9Hx
9vd6c4m1bvo_1745623601975.jpeg,https://drive.google.com/uc?export=view&id=13qIBD916T9t-qjOXo80TWFuSZO9HmiWO
a3trf3vpdg_1745747575756.jpeg,https://drive.google.com/uc?export=view&id=1neNSFPJyeq8YFxeBGxwaklzvZDQoIZpj
a65bzt31pkt_1744800688552.jpeg,https://drive.google.com/uc?export=view&id=1e90M9IPHsCYZ_d-Uy9crPJhHu54l224P
a8uzaqklmml_1746982529931.jpg,https://drive.google.com/uc?export=view&id=1D5g0ydUYwSBIcgSqnLpLBdJGxvecpGlq
ac8sgh2n5a8_1745747315516.jpeg,https://drive.google.com/uc?export=view&id=1CoQsUSxyXwHpIjc1tFmxZIJh2QtV53Sb
af06bdm1pnt_1747587409015.jpeg,https://drive.google.com/uc?export=view&id=1nPO5F8x6zvT349kz9lcevzG_5jFpovvR
afwm5ba01h7_1744924720090.jpeg,https://drive.google.com/uc?export=view&id=1dGeIossWnfj_g7X-Jw5BNwMC2NMAMvCg
aoqgsqb301l_1745657310964.jpeg,https://drive.google.com/uc?export=view&id=18IAd454sgXv0CO1_JDSldpceeh_n1Xk-
aq1k3gs5inq_1745688910766.jpeg,https://drive.google.com/uc?export=view&id=1ZUM_TpjbOiPzjQ4anejK8jSCewe3d5sQ
arcfjueb8z5_1747590602829.jpeg,https://drive.google.com/uc?export=view&id=1wgMACh508kO8mPQlXcQwLK_1cWu9AmF_
azzf6mx880u_1746982527695.jpg,https://drive.google.com/uc?export=view&id=1ohF8zBDzQCKxxSQI7hlMbZC7--rf_S97
b0emf2tmlhj_1746982071639.jpg,https://drive.google.com/uc?export=view&id=1a7PoZI6_SoqS6peCfBQKuJ3NpInuID2Z
b3ue407udiw_1745687124246.jpeg,https://drive.google.com/uc?export=view&id=14aHdulUTsCTbKrqKLO_nhCRQRjkbmI_4
b6pjc111t0a_1744800773076.jpeg,https://drive.google.com/uc?export=view&id=1dpSRR944y-mYiU2PyX9aHpp_AKHCUCbG
bcl338f3dfq_1744756519008.jpg,https://drive.google.com/uc?export=view&id=1XxhzvfZV3_NHmR4F9lItKkU9zeiolnUC
bdfdqx926u_1745947224217.jpeg,https://drive.google.com/uc?export=view&id=1uvHi71bRZGYeTmzDBbNrTHUiBYmHptUn
bep5wuseryk_1745622233312.jpeg,https://drive.google.com/uc?export=view&id=1ZpnGMYWenzvxyOUz_U0SQU5-QimFuUcv
blz9nd90ai8_1744757120592.jpg,https://drive.google.com/uc?export=view&id=1Gk8G0x9Hz2E1htvWnjJRfrlWmO5zjhPR
bn2n6vgawg_1744801417240.jpeg,https://drive.google.com/uc?export=view&id=1Ht7GZm2lhhPq4-gVmNdAmqGgTk8ckATL
bs9fabsd8k_1745947596146.jpeg,https://drive.google.com/uc?export=view&id=1RMk1AB54U3g50qijetDqQuGQKKiEbWPm
c20a3ghmdq_1745768411877.jpeg,https://drive.google.com/uc?export=view&id=1zkvUDQ6qPS2B7d4mcd6ly4vt0t1C_I5g
c37wcwp4s8t_1744921290339.jpeg,https://drive.google.com/uc?export=view&id=1MoohMA_jL_8akVqm54YziH4_7kezIZW_
c4daqfls35_1745861193057.jpeg,https://drive.google.com/uc?export=view&id=1kf6zRcpfTmzR8wBTxq8bFJJatXDLKHq8
c4z2gramrav_1745659627955.jpeg,https://drive.google.com/uc?export=view&id=1l0aqU63Whsdigv2rmbBXUJvSiFuuEEXM
c5y0ak7jykq_1746981797440.jpg,https://drive.google.com/uc?export=view&id=1k9bPIu-eZp6JaFqPlEcMK5DmBV6vf6Dy
c5z2100kftc_1745621837103.jpeg,https://drive.google.com/uc?export=view&id=1Ab96-AIsWVprkbqFyNeyLJEo2ecbeAso
c72yjfpslgd_1745622549122.jpeg,https://drive.google.com/uc?export=view&id=1P4X33UnKcyrfyBqOZ2M3t4R028mc_391
c7tiqycika8_1745768571765.jpeg,https://drive.google.com/uc?export=view&id=1WIdhHlRH2x2j7kgzuJQw1kgFf69sSbpz
ccal4b5nsfi_1745947832689.jpeg,https://drive.google.com/uc?export=view&id=1r7lEbztkLXaThwYkWrEIu01XseiN3qSg
ce9d9bqru3i_1745947590117.jpeg,https://drive.google.com/uc?export=view&id=1rZGCm5KGi5QUdC_F5SUGZvARohGzHuTo
cej1svuwu5i_1747587413999.jpeg,https://drive.google.com/uc?export=view&id=1hLI-IqBrJ3ISPlnWqonVYhbbq9hbf20-
cinpz901dm_1745859351683.jpeg,https://drive.google.com/uc?export=view&id=1TL5me5s-GwBKb-W-UV1TgZMgFct2SkfA
cjbjmbmii5l_1746981793755.jpg,https://drive.google.com/uc?export=view&id=1DbszFOlTsmuv8H-A7qktyxLRUUuX_qxE
d1efer86lt5_1745621741541.jpg,https://drive.google.com/uc?export=view&id=1RTJWObZ7kT4m3nsDKOJdTLkNrLSynW8v
d74o7lwscac_1747517709550.jpeg,https://drive.google.com/uc?export=view&id=1iiqQ-b1AR3geRsfIavTSIbr281D13q5i
de4skqrt06e_1746980983137.jpeg,https://drive.google.com/uc?export=view&id=1PPZ2rz1R-bORwWXM-SWF2QgCcNz7VsUn
djrv37ja8i4_1745623438979.jpeg,https://drive.google.com/uc?export=view&id=12ti8HnlUP23I4dPmtWKDluhge2q63AgX
dktaxneocoe_1744938082227.jpeg,https://drive.google.com/uc?export=view&id=1Ecz-tK8jfFZkogdSTzrcm-DY2LQbjw9F
eqq2pd88vv6_1746982320545.jpg,https://drive.google.com/uc?export=view&id=1da_EKnX6XP8b5PP77TJdqcvjpwQkc5w6
ez6a41w0zv5_1745621977059.jpeg,https://drive.google.com/uc?export=view&id=1cTqL_9SLQupD-zCzjpBf4ZHMMN7NWkdS
f9t6iw5w6ru_1746910623555.jpeg,https://drive.google.com/uc?export=view&id=1-6YLFuyzDO8IoJelshLmmhVB9GBZsB63
f9uscc7icme_1745747579057.jpeg,https://drive.google.com/uc?export=view&id=13MlJtA2JfO7_dvX-IhE5A6LGUp8JLnjP
fcep2silenb_1746982821498.jpg,https://drive.google.com/uc?export=view&id=1HKr1sOB72R3yDxp0CB1_Y0zYJ8WwqHk3
fmbtq2u21ug_1747589753324.jpeg,https://drive.google.com/uc?export=view&id=1wwW0AVvAH2A2by_owPEr2gu2CYILx5Hh
foh6bhy3nbi_1744800491321.jpeg,https://drive.google.com/uc?export=view&id=1kvOGUerpLdNoFdqqciCg4UX6jDb7715A
fpguxm8t1ju_1747516562197.jpeg,https://drive.google.com/uc?export=view&id=1k8ZbAfmciRnIgtDurFJUZNBciDGybUFR
g963nbbku3_1746982915872.jpg,https://drive.google.com/uc?export=view&id=1H1wjagrVG1S3B4IMxAzBpIYFz0iZ9fgu
gc66o4tmxwj_1745768417930.jpeg,https://drive.google.com/uc?export=view&id=1M8FJ_ZOe7XkFHG-hM51ObGPhWchpjS8F
gfwqzojpw1u_1744924570535.jpeg,https://drive.google.com/uc?export=view&id=1PzrEnkKIk5MDmhpHsPHwWOmWGU8ccR2A
h12ubxvd3u_1746982622355.jpg,https://drive.google.com/uc?export=view&id=1eoNaYY3qbiMtg-WsvclxppIk8dg5DSuG
hbu657naz07_1744921778924.jpeg,https://drive.google.com/uc?export=view&id=1WLWCvGh4T5tNsqt01CJ-4WSC2vUGiJx7
hi7qeg7zn9s_1747516566806.jpeg,https://drive.google.com/uc?export=view&id=1gf6sTIxh0mAi-Oh3KvHJrFgMfLGPGBZJ
hl6fqzcar_1744924715456.jpeg,https://drive.google.com/uc?export=view&id=1n2AvlcZurSbfA0V9ZhiVAnWdRBV-mt74
huxsl8icddq_1745623443635.jpeg,https://drive.google.com/uc?export=view&id=1T1SLVTn2PvNbAdMoYuvfVBmEzsltgS3_
i34bfgowvt8_1745659518419.jpeg,https://drive.google.com/uc?export=view&id=16Gi6fxzhcgrJcFP1UbV3jw1mP9e3O_rk
inesw9w8xa_1747517265754.jpeg,https://drive.google.com/uc?export=view&id=1WPtb0bNxUvJN4CBqtyp0yCd_yR0FQwcJ
iuelhmcl0r_1745657888801.jpeg,https://drive.google.com/uc?export=view&id=1dO5d714_dEyyRmpeWiJFMpSbOZewwt_g
ivs92cqhfb_1745861369383.jpeg,https://drive.google.com/uc?export=view&id=1TBPLNmsvEBNe_ZfRQVW0SXLTPGRBdC4_
izsmsns5qkr_1745622555767.jpeg,https://drive.google.com/uc?export=view&id=1hoSUjGErNfdlfTkG5K664mDWVC9Su7NY
j1vvx0b0xue_1747517657064.jpeg,https://drive.google.com/uc?export=view&id=1eKZy5HayYQQAmqAO8NvlH84mgnTxKOfi
j7tu0p1vnjr_1746980980285.jpeg,https://drive.google.com/uc?export=view&id=12or8Vp3lRmIewYStvXjymsq6mOt9ixem
j8wg929l04_1745768577719.jpeg,https://drive.google.com/uc?export=view&id=1iu_kEQtFvwmnS7r6zjcGSlTDKiBmNSCA
je3vyxzz2hf_1744923847293.jpeg,https://drive.google.com/uc?export=view&id=115VSnVuEvxw0mrbf0fwTBOtl-5TcVqKj
jtg41dpk82n_1744938078451.jpeg,https://drive.google.com/uc?export=view&id=1WV1Cr53gdzV9OngWJ_QY9kcFFVtEgYZg
kgdylvezxjs_1745861198256.jpeg,https://drive.google.com/uc?export=view&id=1JcV2Cf25h_FogNxmQc9tWg-X1Ja2APnL
kgopsqrov2g_1745947917625.jpeg,https://drive.google.com/uc?export=view&id=1x2ck2_VuJqM9ymxhY3u852SCnWIobqre
kjbfc5tj5n9_1745621876026.jpeg,https://drive.google.com/uc?export=view&id=1Jp2e_izmCEZKXt9JKh8_EycoA6WXPnqR
koauyq5jl4q_1745947922236.jpeg,https://drive.google.com/uc?export=view&id=1LRY7Pf4Qs6LWDQ7yfY9PRhECy9wbuI3y
kstcf505xwa_1747517260703.jpeg,https://drive.google.com/uc?export=view&id=1PF_-sdVcHCbB1uOz7I_Va4W2O7RTRmNJ
kvmxpr9g7hb_1745623596716.jpeg,https://drive.google.com/uc?export=view&id=13I9DyhFP4-AdkNKy1o4ihCpnHc9zk-wW
kvvtfqd827b_1744921387378.jpeg,https://drive.google.com/uc?export=view&id=1yarJ9khP1dbSwEQd4ULE1uDrFV6Es4ci
liy0rnneybo_1745768217585.jpeg,https://drive.google.com/uc?export=view&id=1DpsqnbRcRd1RqD2bcUHE5sxSGP0kLuqn
ly7o6gfxz2_1745657314480.jpeg,https://drive.google.com/uc?export=view&id=11_E7w61qdkiDGEKTEqCdNu965KEBnd1O
mh3nbv6jli_1744921983717.jpeg,https://drive.google.com/uc?export=view&id=1hN2DVZXhEVZ6slVKc7kXn5pLZs6VbC4U
mjly0lwjenq_1745690790199.jpeg,https://drive.google.com/uc?export=view&id=13ky5LFGqE1svpK-xhk_qcZdl8zl-mDZT
mszlwbb5hnq_1745624044763.jpeg,https://drive.google.com/uc?export=view&id=16cuGnKJ472tt_fejbAlB_13lsuiFeiW6
n0fbj1irk8g_1745657786524.jpeg,https://drive.google.com/uc?export=view&id=1ErCrJ_FEoRnS_5JSCMukuXWRZZBdZTO7
n24omd61tck_1745690561157.jpeg,https://drive.google.com/uc?export=view&id=1wnyyG3B2WaooPIcFxuwYCZZ9oc2bp2RL
n7599lr4eq_1747517652235.jpeg,https://drive.google.com/uc?export=view&id=1gAfGJ1TanG9kuBIhRKn-ZPpUmihecdeE
na2h901ohhs_1744924231093.jpeg,https://drive.google.com/uc?export=view&id=1VXGptFpg9bqPLtwUz7BAG8MHyy03rkVD
nazbsy5fy6f_1745947143741.jpeg,https://drive.google.com/uc?export=view&id=18juB9egp2uVy6QQZcqoZo-XGY-lHBtku
nmj93cby8np_1747517714325.jpeg,https://drive.google.com/uc?export=view&id=1iwKZumINv6tJlW5hgZw6DPz3H3V7DvIt
nt1fhiceoo_1745947348844.jpeg,https://drive.google.com/uc?export=view&id=1anlkc14eQW6imW_R76oDOi4BWUHtWYF4
nzfxdyit4fd_1745947827364.jpeg,https://drive.google.com/uc?export=view&id=1wD4oh9m40FNHduq2svg8kDNTWTSjNeUz
o0v7hgwfu0p_1744757050978.jpg,https://drive.google.com/uc?export=view&id=16noYkKGOP3GuQc53kG3ZjigMoNknJaTL
o1jvcpyz5fs_1746981882421.jpg,https://drive.google.com/uc?export=view&id=1iTykLo9D9wAMQ3OPilGYrs1wjQz3x5qS
otsll7vh53_1746910628070.jpeg,https://drive.google.com/uc?export=view&id=1yjYg7oTPuwmnCXtyB9SBNDO6322mdIZ3
p1pqr6g12ge_1745747306822.jpeg,https://drive.google.com/uc?export=view&id=1RtlEiOrM0jL_h0NUYbwEFs3Lebd6Ichx
p94s5ljxtgb_1744800954125.jpeg,https://drive.google.com/uc?export=view&id=1Y0Ir3UoPKlBQTIjP8o4vqFGCQS-4rCHH
phr8hbgz39_1745947747344.jpeg,https://drive.google.com/uc?export=view&id=1LR1bCuiRAu3burvZ4nEmwU_krcdpgIZa
q5zpprvkko_1744801148489.jpeg,https://drive.google.com/uc?export=view&id=1LBn62h5-nSEeF3g-uLU-ad6yqI9cytOm
qmci9mluici_1747589758618.jpeg,https://drive.google.com/uc?export=view&id=1HZxo__0Yznjctp1G0sbFdd1Nny8ZsfUa
qvp41qyuyr_1747517064260.jpeg,https://drive.google.com/uc?export=view&id=1uPBrKFKhITCE0Tx5bo79v9e9Z-DCqe8B
rd4zdshb2qc_1745624039734.jpeg,https://drive.google.com/uc?export=view&id=1d9PhXU96sxKnJB2ZqKGCk7nvPV6OvVHj
rkx0gdcfie_1745690330851.jpeg,https://drive.google.com/uc?export=view&id=1KyUVZqoUHBa1j_kAISkSpW5stqeMOyG4
rv7oanqiwi_1745859346095.jpeg,https://drive.google.com/uc?export=view&id=1y5avgu4kpV_vtdWzFSASbEPMw_CgX4NZ
rvgphhye2u_1744921774226.jpeg,https://drive.google.com/uc?export=view&id=1IgwKxe8iYvaRhVxIsWpxqbyQXSQVccJR
s8z8c3hyflf_1745947751950.jpeg,https://drive.google.com/uc?export=view&id=11Hn5mmNW6_3BJUWVjGMMv-Zzt6LYxz7J
s95t01gu2c_1744801412381.jpeg,https://drive.google.com/uc?export=view&id=1EmMsLmPeo0v8AvbfnX4FuCBhbq8fxV5h
snnsychxdri_1745767862950.jpeg,https://drive.google.com/uc?export=view&id=14i5URBmMaQ9L0Y1kLugCvgQ6GpL-5X_-
teudko2wx2q_1744756522781.jpg,https://drive.google.com/uc?export=view&id=1V4ESNoHfqD86GnMmIkGY0eZj0uX2luC9
tgpmn5ws31f_1745622237591.jpeg,https://drive.google.com/uc?export=view&id=1XRMTz39ij5OwgxrS4FdsbF84FqaSOfNG
thp3d7qnka_1747516348284.jpeg,https://drive.google.com/uc?export=view&id=12U4da7hcew5KHk2f0q62zRPMpd_EuVdF
tr7zpxsr5r_1745621869503.jpeg,https://drive.google.com/uc?export=view&id=1oe_Y27o6fK9Ii1BxaRUD8kYtmCt7f6B4
tyvbvsum9q_1747588211380.jpeg,https://drive.google.com/uc?export=view&id=1g0dLbIyUK-Ulpf7Sq6vzmzbUM954Z3N0
u38cad99zjp_1745861277390.jpeg,https://drive.google.com/uc?export=view&id=16tmstjLoCJI_mbFP2rbdnF2SgHechS2W
uhpc0j6g1id_1744924236611.jpeg,https://drive.google.com/uc?export=view&id=1C0CjUbHr-miOouk_PTwJLMhsdyPhdB0A
uibtyra0xy_1745687239846.jpeg,https://drive.google.com/uc?export=view&id=1Bhp_q30WR8xmwci6CG9J69ScwIlbRcya
uv8tawzkow_1744800692827.jpeg,https://drive.google.com/uc?export=view&id=1W70uGVHnbkFa1kiO9qvNASIEXQz8uWOl
uxwpfnopcpd_1746982824274.jpg,https://drive.google.com/uc?export=view&id=1Sq-YKLMw0L3S1jqmw2NHk_MQSY9srUAn
v3okpku5uqr_1745688501111.jpeg,https://drive.google.com/uc?export=view&id=1J_OUJBmNn1pOI8MSk7GC5tKC-KtbhfI4
v5itlnv4fa_1747590608156.jpeg,https://drive.google.com/uc?export=view&id=1KpVy3IoZO1hA4WwT6x2FkwGpDkfAs57O
vjmroh3v0dq_1745947233783.jpeg,https://drive.google.com/uc?export=view&id=1SrL4BJXRTl1VShQjz5ja2bHovaTgzu7H
vtlmtvgki1_1746982323351.jpg,https://drive.google.com/uc?export=view&id=1_Lpf1VyBSp45-srfioM4YLRtXOiu2ODu
w99jy3komvr_1745687246699.jpeg,https://drive.google.com/uc?export=view&id=10SIVn-pg0BvYUg_4UH0sxqzTcsHepDiP
x00pv02ivlg_1747516350485.jpeg,https://drive.google.com/uc?export=view&id=1Vg1cueJqPUmAc5Wgm0GHaty2zWmOcFBY
x13zgtfhue_1745657779284.jpeg,https://drive.google.com/uc?export=view&id=19-k6PReDtYjDOQQvv5UsEbfrHgdd85Vb
xayxepa8p9p_1745623057691.jpeg,https://drive.google.com/uc?export=view&id=1ELPP8OBLsvLVZ6H1fCR78uZ2kOg4kWG0
xoj8tmo1rx_1745861272693.jpeg,https://drive.google.com/uc?export=view&id=16TT3MDsWWrqyn7uKOLVsjFLhKBavpzv2
xscbdhnsbd_1747587346416.jpeg,https://drive.google.com/uc?export=view&id=1y3qy8RxqGMcNxSFPhhDsjWUNJ9yQjw8q
y3o4hvo3zkm_1745947342900.jpeg,https://drive.google.com/uc?export=view&id=1N8L3kwoCaPiU2y74JrChUJsXhoWKflgx
y5uyf0bi6oc_1744925096670.jpeg,https://drive.google.com/uc?export=view&id=1WPzrsfJdGcrucHTqqgLavOO4u2UFQQxQ
yal5r72058_1745690566592.jpeg,https://drive.google.com/uc?export=view&id=1z9CxAZcEZkF55iNvU3IjsslxSDs3Eh1N
ynh7yl0d42_1747587340883.jpeg,https://drive.google.com/uc?export=view&id=11hin1zb4_phRq3yghnQp5L15IUGyFU95
ys29nrdwl6_1745861137253.jpeg,https://drive.google.com/uc?export=view&id=18lr8iLUXCoWmTUM5v4FzZzrSoVYL4Q_v
zlqa8usp4ot_1744921380956.jpeg,https://drive.google.com/uc?export=view&id=1ptJ2JL9dso33H773ocDpbVaDOzBtA6Ed
znut8fciu8h_1744801143108.jpeg,https://drive.google.com/uc?export=view&id=1BAqcXSkhEt0Fxz_zLiaP060pO8K3L1D0
zovo7335g1_1744923840747.jpeg,https://drive.google.com/uc?export=view&id=1wLEYMCjsRVULh8KSGNdEo37J_z9VvjHJ
zq1raf9fhoo_1747517059229.jpeg,https://drive.google.com/uc?export=view&id=1n8f3nEvV6qs1PB6unMihfcEkqdOJra4w
03myyea7w0y5_1745593479363.jpg,https://drive.google.com/uc?export=view&id=1CemNwvx8K8YUXvPqNLBWwbuETo63UY1s
04oq3j0oy5l8_1748090134654.jpg,https://drive.google.com/uc?export=view&id=17yQtvnJfdm5ThnJHglngthRu9IoknunA
04y3if2ex99f_1748088724763.jpg,https://drive.google.com/uc?export=view&id=1jkYYld8m881uo1oGW7jZMMHR2LjUrXHi
05cl6rg358dg_1748462452089.jpg,https://drive.google.com/uc?export=view&id=1gnCRI73SsTY71rRYA86ht2jJhoWQDV0s
07j3wkwrwnqv_1748173394045.jpg,https://drive.google.com/uc?export=view&id=1BaIAaMLE0_Jv0jTAo98uAgS9YZBMluBl
0b2ysnu5pbr6_1748170526886.jpg,https://drive.google.com/uc?export=view&id=1tD5bAJVpHUHoaAcVO2X3pm-Z9-YXJyyZ
0bjtbwyi4tcp_1748115467444.jpg,https://drive.google.com/uc?export=view&id=1rV4yc2zKsDLdQ6XnNDk_-HS5hA684NLH
0fgs6f62wvsa_1745849289800.jpg,https://drive.google.com/uc?export=view&id=1SO84Tnakx77fpkV9cODMzagsr8evp4og
0r8f1lnuai1_1748696156599.jpg,https://drive.google.com/uc?export=view&id=1YdwNoQpZvkFmKPL_hgPgDgLEvmr2DNmr
0rp9o4rlwfi9_1748372640333.jpg,https://drive.google.com/uc?export=view&id=1zYrb7zsYoyBYP8bVdDrjiVLqpaUtHSK2
0twolfqklsta_1748855786088.jpg,https://drive.google.com/uc?export=view&id=1Er1H4CI69tZuRnrnMksfhN58K1keDloj
0vipyy4gcqu_1748634214538.jpg,https://drive.google.com/uc?export=view&id=1BjQJ__xlhT4tfxxp6r0znyLreX5EFHtF
11w15hatnnd_1745848970300.jpg,https://drive.google.com/uc?export=view&id=14qxAHKa0cgYuZ4AnjGpSwqo6QihdoQaS
13hqrwze9bwo_1748115324329.jpg,https://drive.google.com/uc?export=view&id=1ftiKH56FFYv77v4RkrRJbOWcJgTw5a4F
14t7nmiub2i_1748855339999.jpg,https://drive.google.com/uc?export=view&id=1rU76VqTyaDYd_suMTQxHiys1S2uzeCBQ
1e0yexd9gx1_1748104705847.jpg,https://drive.google.com/uc?export=view&id=10X2tMfCs-SUn6Pj2aNV58Nx_rvHRdM-9
1hi30f0epb8_1748104369260.jpg,https://drive.google.com/uc?export=view&id=1KJIjXd6OkSprt-zNCQ4HL8GV2lvrYxV7
1hqmsk4q2bi_1748859962565.jpg,https://drive.google.com/uc?export=view&id=1XBRm2_p7E7tt2x3Gl_zc5lCfwD06xFts
1kiiqc05wkki_1748863758214.jpg,https://drive.google.com/uc?export=view&id=1L8dbn8EcWEquGOl4RmuE82mnNJUh3goT
1m0p4ajgyar_1748088985746.jpg,https://drive.google.com/uc?export=view&id=1J8LmYSJ-XBl1kjkJbOHJufkQzM2iwJnu
1okb543yery_1748090657009.jpg,https://drive.google.com/uc?export=view&id=1LogeZbKMlC3Qhs7VbXEe6W69f5-BExiW
1p3r6x80k68_1748170617413.jpg,https://drive.google.com/uc?export=view&id=12Kj6rM9O0L7DiLSZqyjgfpRxhw8BpPPt
1u08yprxyha_1748089556462.jpg,https://drive.google.com/uc?export=view&id=1kWaAFVLGpzRBQDfHb484Mfv8PzhsAbQz
216sm2lla3d_1748087675265.jpg,https://drive.google.com/uc?export=view&id=1NlYlADj301IfUpuHO1ScrKlojdpUnG3T
25b144301xy_1748634544725.jpg,https://drive.google.com/uc?export=view&id=1AQfbGeqxORAB4ThGUxanEGucbUkOfAEY
28flsstvjis_1748634210723.jpg,https://drive.google.com/uc?export=view&id=1GV8XpPoWRMvuYWqVZpZh9qcH53QT7jJ_
28wpicfmtt2_1748860149040.jpg,https://drive.google.com/uc?export=view&id=14k8DmzBY_VVPLf1VUbLPXMeE0D4Lln8c
29i9v2uh3hi_1745528498447.jpeg,https://drive.google.com/uc?export=view&id=1lDO80dooiRVoMHbPGLdGHx_M1etMrWl7
29xpfrn7r5m_1748855449978.jpg,https://drive.google.com/uc?export=view&id=102Q-qcwYHCUSbQKfddrSR5EMolq8SYAg
2bfkcdpvukr_1748089916629.jpg,https://drive.google.com/uc?export=view&id=1X2WrVhFFx3-h18y3AiQYv85-awBXORAU
2deor9xf1nu_1748861645135.jpg,https://drive.google.com/uc?export=view&id=1l29g6px_1_88BHaDLBchyRON7wGgnMlc
2dzihsf4ow_1748175385483.jpg,https://drive.google.com/uc?export=view&id=1UUnBGGUXy_u01v1TN64FiKkMfTzMFpiQ
2w7iz63jfph_1748855789009.jpg,https://drive.google.com/uc?export=view&id=1rToGXqN76yuwB4XW_qCrJV33MlFP75rf
2wgk1ln99e_1748114917443.jpg,https://drive.google.com/uc?export=view&id=1s3_9bzOPqLUxpHNg1Z_IiOsaFGFCpuwH
33juaff6kkt_1745593533219.jpg,https://drive.google.com/uc?export=view&id=1LXJZrV7y1LO6NToTj6Jmxd1sHCgZXeZ5
36ff3zfjwok_1748089553458.jpg,https://drive.google.com/uc?export=view&id=1zWADxm7Q_d26JIzCdsxtubBXWj1zFpnq
3g9a1eji8vj_1748695852453.jpg,https://drive.google.com/uc?export=view&id=1x2IPbodWqAIpI7ruJoBahXTmJMscoimI
3mdnb5gbwfb_1748695449390.jpg,https://drive.google.com/uc?export=view&id=1S0XNEMwFr8N07WdA3Ex9zaxKv19B-sXZ
3n2vi5loq2z_1748088130235.jpg,https://drive.google.com/uc?export=view&id=16CnlpRNxzLWjjud3j-JYeMugh929swDE
3oilpfk78wa_1748193708961.jpg,https://drive.google.com/uc?export=view&id=1P4Pm61DBSESzrcDC_0ArM06GxvlEWq4j
3ztr0ii40tc_1748087966771.jpg,https://drive.google.com/uc?export=view&id=1NLTqeBLsfY2AOOdASAdGhjhPbvNG-KqZ
47huqgo87yi_1748855243303.jpg,https://drive.google.com/uc?export=view&id=1cbhrLG01FimQd3icSPA6xfAAL39Aamak
48pf4kk8obv_1748860019700.jpg,https://drive.google.com/uc?export=view&id=10PIe1u6Vt-lH--hjST8FYu-oMVKcxowK
4ek8bdswvw7_1748088931715.jpg,https://drive.google.com/uc?export=view&id=1qDM0hLrMbbBFiQwcSA7ahPE2ABorzPVM
4lk8p75g6j_1748540494842.jpg,https://drive.google.com/uc?export=view&id=1gfUmKdjRLczC1RbO2KY3yfPZCVVpBbGs
4ruozuro4je_1745845223162.jpg,https://drive.google.com/uc?export=view&id=1A_TDlz3__ZCNNIr227Hpq6MztwTOYmcd
4sgbj1ghefg_1748088252196.jpg,https://drive.google.com/uc?export=view&id=1IlUY1GVC7XhyyEqqAkma7BcNJYU6MxoN
533ex8twgi6_1748193379664.jpg,https://drive.google.com/uc?export=view&id=1jhLmddwvk4ITfw23TFfCSSNYA71WNfbU
543eu2dt9qk_1748090490266.jpg,https://drive.google.com/uc?export=view&id=1M3Ea1TUfi_grH0Lh7VeYCIUCLrUQXHMj
587xkfj2fnd_1748115914869.jpg,https://drive.google.com/uc?export=view&id=1nehtsDBBZgeQswfJkiG46j5ZycXtTufc
5ewn2nkyt76_1748860261561.jpg,https://drive.google.com/uc?export=view&id=1OZDYEhX5ro4YlGNeBG4IyWFSmzuwHK92
5kyr0npesr7_1745529213045.jpg,https://drive.google.com/uc?export=view&id=1AWMc2ldMFOhNkwEkWzhBONbQU4pxT6dr
5m1kaovdr4t_1745844861513.jpg,https://drive.google.com/uc?export=view&id=14fb_88KEzaXTnE-1pzRFEZjdUAw3Y0Gw
5ppzphjadbc_1748175387527.jpg,https://drive.google.com/uc?export=view&id=1_4GCOAvSFxtXpZTr7tY0NlXVAjz5pr0c
5v8gjx7lwf_1748633913385.jpg,https://drive.google.com/uc?export=view&id=14XEovGIsVfb5lwSb4rLt5lPxit2jAqy0
5vpnzfn2ebi_1748115243430.jpg,https://drive.google.com/uc?export=view&id=148LpKHmKx4YbiIVnDOeDMwYsowot8XBf
607rf9rzykk_1748170894411.jpg,https://drive.google.com/uc?export=view&id=1-C_3pQdcKR3eSj1DkCJj70GnxEHwNXra
60loiswqgqj_1748855572216.jpg,https://drive.google.com/uc?export=view&id=1AGlm58GfigVyy90tYvWLL1eXyOTZF7TV
65ydilo493a_1748104441941.jpg,https://drive.google.com/uc?export=view&id=1CaNE3ToWh6KPb_yNzv5C2n3tawiTZLnX
66tzwouqo_1748088082412.jpg,https://drive.google.com/uc?export=view&id=1wpSHJtbWI_KFRiM28qB4v54vIOVBjKgv
670xhimafdd_1748855574398.jpg,https://drive.google.com/uc?export=view&id=1_1sj9STQFR2HnuX0TWypRfgATNrQjDTH
67a79a9123h_1748115644532.jpg,https://drive.google.com/uc?export=view&id=1e5f5Tn69kBsQw-gnTH2VxyxdKfnE5Pek
68hmie1w7qa_1745847066365.jpg,https://drive.google.com/uc?export=view&id=1Euukt1ufD4BGNxGZdAJMcCymXBHPDsjv
6e03r2lc095_1748087839619.jpg,https://drive.google.com/uc?export=view&id=1CYtJQaYEiMeo1W69Vru7TKdS0IkBNbhI
6ecy57noh7l_1745593029564.jpg,https://drive.google.com/uc?export=view&id=1Jr9k0vp7quLSJNGOEOAK_-Hk8GFK4jcN
6h3591pc4y8_1748089048554.jpg,https://drive.google.com/uc?export=view&id=1i0miMQGByUBsYBKN_MWLcR9MnagoR5ZB
6prlfeo6zj4_1748540506151.jpg,https://drive.google.com/uc?export=view&id=1HFlCIn2zXzkX2dcPDlubeKG8odVOuS66
6ru0lejnz9l_1748634587385.jpg,https://drive.google.com/uc?export=view&id=1GiPG3xaTBSEXEiJqdqpJ7pOXjlxsD31L
775ow5bqhsa_1748087744796.jpg,https://drive.google.com/uc?export=view&id=1z3hhj72ZQeribok8O8vRFfvwYQROOEJD
79fbg5c49dk_1748696018870.jpg,https://drive.google.com/uc?export=view&id=1nGHvfyOjxwROHa7oNLQWS9Oct9E5Kl6O
7ez9buxtrwn_1745852268447.jpg,https://drive.google.com/uc?export=view&id=1voJOjNaCcFPbdpuUh73JAPZU9tTl4rw0
7o1nd0x6xbt_1748115705470.jpg,https://drive.google.com/uc?export=view&id=1RDBVKcXlQlAzfuNkEmGAKd1kG-uZsew8
7ru171t7o0k_1748859851557.jpg,https://drive.google.com/uc?export=view&id=1rFxp6-MNqfZOx7Rxgijy5Tz7IDbOkGj1
7sf2h3kb03b_1748115245856.jpg,https://drive.google.com/uc?export=view&id=1zqU2WBErebqujFo_aP9E9-C4o5dOWN92
81o7dg8b753_1748861750403.jpg,https://drive.google.com/uc?export=view&id=1JhNZvxJ_VI7jBJ1S8BvoooAE2ZK3BpeT
83cpimqfb4p_1748114915138.jpg,https://drive.google.com/uc?export=view&id=1X7vFKJT1FqdSkI7VodLXCgks3_hYDmrk
84nl3h0j8sk_1748089714370.jpg,https://drive.google.com/uc?export=view&id=11mrUYfExQ3WHBr9e6mUYwgbVMZNXXfkx
8aszm3nth8o_1748372645655.jpg,https://drive.google.com/uc?export=view&id=1sltw8jEHe8RMkjeLmhbQIzLaco2Sbsr-
8phvc9kya7l_1748172894481.jpg,https://drive.google.com/uc?export=view&id=1_n8QpYGD0zdGpHrGP6QY1YSb29Hmskkd
9e0np8rhwa_1745846976119.jpg,https://drive.google.com/uc?export=view&id=1Qs2FbkGJih6r7wT3yDr1gPtGZ-60d9j9
9mmotwt8ek_1748696266054.jpg,https://drive.google.com/uc?export=view&id=1O2RH8PFExbcPw3jbL3YGTOXZWewY_z25
9w5t3rxluj5_1745593210162.jpg,https://drive.google.com/uc?export=view&id=1ED_4CXlxeormrtHHPCi_Fyxw2U5qPvVN
9zk5vny2srg_1748193519180.jpg,https://drive.google.com/uc?export=view&id=1HicNo1h7hi14osXvqzalzPLaGUcxSh-l
a049qp5ymb5_1745852262364.jpg,https://drive.google.com/uc?export=view&id=1y5Dr7Hl9J5UaXzTxmtcf1COVAG3nPKJz
a1dozpzabo9_1748173021023.jpg,https://drive.google.com/uc?export=view&id=1WBn3aXN-R5vREHdZavZ-YefMjmEEHp54
a56vudon41b_1748104855236.jpg,https://drive.google.com/uc?export=view&id=18i-0sqjMHGSBXKI_fr1ygs-LwX8zoKV5
a9h6glb29v_1748089164881.jpg,https://drive.google.com/uc?export=view&id=1XOpXg7yhp3nv_Nxoy0H5H5vl0YwvdVLz
ar44pmilw5_1748115385281.jpg,https://drive.google.com/uc?export=view&id=15R7HiaT68Wmt2hDen7qnUjI9MIgwW1NN
ary0mkm2ix_1748860263523.jpg,https://drive.google.com/uc?export=view&id=1KWA9diuwEyO8VwOmWCEYhQpV64XgaWAf
ay7kx8dy96c_1748115181532.jpg,https://drive.google.com/uc?export=view&id=1wkvPg87O4S0h_eACV-A9mhvLWEY1NKBT
b3b5x028u0t_1748859964813.jpg,https://drive.google.com/uc?export=view&id=17E5pZ0hK_RVJViK7c6KGryGa2y9xOtx1
bi41vy8gl2_1748696319493.jpg,https://drive.google.com/uc?export=view&id=1TkrPywFUg6cCRob0EDZqL0pkZln3aEGH
bli5u6b0apc_1748088297028.jpg,https://drive.google.com/uc?export=view&id=1gAkVmp5i4Ztmk4v5xKu8Ik--TA4bEp1c
bys2n12731_1748089356883.jpg,https://drive.google.com/uc?export=view&id=1e0fKSB4ri50QDRW36-mm0TqDgxqjWc4-
c4fb16wgayu_1748173085278.jpg,https://drive.google.com/uc?export=view&id=1A8sPaZOyTxgSq2kr3uofinyjuxX1EmUg
c7npjk1gc6e_1748634546542.jpg,https://drive.google.com/uc?export=view&id=1EFSDRRJO_nP7C4SRXmaG7J6KaSZxwBQv
c8byq4zrqnm_1748696874295.jpg,https://drive.google.com/uc?export=view&id=1xIZ3hEbCuo_Ohy2RC3jiC3566MWTLN5l
ck4hnnhkala_1748855850679.jpg,https://drive.google.com/uc?export=view&id=1qnUCA6rerRGNBK961VtQxfhnRevrcTLj
cklerzz4jbd_1748855342239.jpg,https://drive.google.com/uc?export=view&id=1aoxuXNE2EFXncRkSGA727XntmLRX-5Z8
cl0cq8np9gk_1745593123212.jpg,https://drive.google.com/uc?export=view&id=11XVBg3h1MxTMaFz8qldGFYxaDFR_T73q
cmk7yndik1_1748855663279.jpg,https://drive.google.com/uc?export=view&id=1VPXufXd716T8qdFnVubo240WLdFJwFqR
cprea84pjv_1748172742482.jpg,https://drive.google.com/uc?export=view&id=12_669WFr71sNOTNalX8EuLqzydOiOuqO
ctonj3owvc_1748860150959.jpg,https://drive.google.com/uc?export=view&id=1kUdTfieK0xJ8clBJzgYaHuUxlmTupTfz
czxydyfm0bg_1748115991757.jpg,https://drive.google.com/uc?export=view&id=172IeFIiHHmwVmSAkTrChGF8xsq9odqi4
d2ordr9jzn_1748696268443.jpg,https://drive.google.com/uc?export=view&id=1uA90HcuodcYgFq_DY11Pw41bxOoaIe2k
da4k5ke24rj_1748090047597.jpg,https://drive.google.com/uc?export=view&id=113EmzbMPfi9gRV5BUH9o7ZJU8rd1tp6j
dd9bxwh06bn_1748695969077.jpg,https://drive.google.com/uc?export=view&id=14vHhxeyHzxzYhsZmd1eMeP6VfW0mMQPC
dgsnjbp7vst_1748170758324.jpg,https://drive.google.com/uc?export=view&id=1EYSPPtLdlJGbcEunw-ZS8wILMoJtOuaa
di6e29dcdi_1745592647871.jpg,https://drive.google.com/uc?export=view&id=1cCIP17-T0pPWhPHj57yq95T1NvPSUXaL
dxe3emvxcld_1748170451720.jpg,https://drive.google.com/uc?export=view&id=1f6RgAScdBKLzIweDUK4cCquEfAAUszTx
dxhrbzkvsp_1748172809948.jpg,https://drive.google.com/uc?export=view&id=1o4WHlqx2WY2c5_hgdaj1xsLIxdprkhzZ
e0arg4m3f04_1748863709027.jpg,https://drive.google.com/uc?export=view&id=1LboFZhBzplG54pkWsvyGsIL4TMXDPXv9
e6gb80n9csv_1748088033873.jpg,https://drive.google.com/uc?export=view&id=1ReHN-YFOZiVQVnYl3jWAshXllYuj8FcJ
ebt2pvxzk3o_1748696103328.jpg,https://drive.google.com/uc?export=view&id=1JQCc_hMIoTkJYm82Lm2RGH7jxwp4r1-X
eirh4gbrnx_1748543748855.jpg,https://drive.google.com/uc?export=view&id=1drkO2FC_lx63VHLmpv9ICe20YvpoU3_K
etjwkkb4wm_1745844741119.jpg,https://drive.google.com/uc?export=view&id=10x4XHQjfbxyeTsIlH7QOoABMLEe7Rr6z
ew03s019qng_1748855661336.jpg,https://drive.google.com/uc?export=view&id=1_TvSpd848AV4Nf4rGJQ4Re4tkcRKOham
ex238wa53h_1748696101184.jpg,https://drive.google.com/uc?export=view&id=1q-bJSYDHOzG5RSjj1RVFmKUD1jEuR3KR
eyxojdab73c_1745846825580.jpg,https://drive.google.com/uc?export=view&id=1QrJw6oo6eSP896sWviLriWuyhDFwtijS
ez0zg0nmtxu_1745593213541.jpg,https://drive.google.com/uc?export=view&id=1NUjvIoJO4qOwT1Quz--QDN2f5AfBCd_I
f1yugaqxomg_1748855508449.jpg,https://drive.google.com/uc?export=view&id=1oFJwEtJ9WwaN_oPt9KcftKsIcHUd2Qaj
f9zdceibapq_1748173396348.jpg,https://drive.google.com/uc?export=view&id=1T_bTZWHYoFwIuRC60qL6tQ9UaMQmkS8I
fc7l9la25z_1745847561439.jpg,https://drive.google.com/uc?export=view&id=1zGUlPztBnO658SCTMwVIWXp9gC-OdChE
fn4wof2473o_1748089918877.jpg,https://drive.google.com/uc?export=view&id=11EsUsWey-gh-Fc4pZ1aJJqcj1ThyOyDq
g383ienvdki_1748090368727.jpg,https://drive.google.com/uc?export=view&id=1qHQXS9moTwv88g2v0kym6tritIux3wYQ
gengh5ha5m_1748089284369.jpg,https://drive.google.com/uc?export=view&id=1jmNR-uoRfR2NbBbYjDA6dbqFw3uxP0V-
gfdyilea0bj_1748855975613.jpg,https://drive.google.com/uc?export=view&id=1E-6S72dtQvWeQ1Tn4d98RMm_MkQA-VZk
gpail3p9jsa_1748173531080.jpg,https://drive.google.com/uc?export=view&id=1ypM_p82P0DQjEUX86JRxWp4Be_6XnRM1
grkm4fq7re9_1745845054045.jpg,https://drive.google.com/uc?export=view&id=1x9Jb5IHqEBvRAUSVaGuFmBOMtmvmZLjy
gujjdvuzy8_1748696321654.jpg,https://drive.google.com/uc?export=view&id=17Ht6sWtKkb-y0WJO5-JCPSX0bkJbJDdk
gv1ja9bswk7_1748863760460.jpg,https://drive.google.com/uc?export=view&id=1at8NT-NhKpgN7u8cncmjrXdjrKWoZokz
gvi4sign6w_1748859807235.jpg,https://drive.google.com/uc?export=view&id=1EZqoYvSm3dyUfHddl1Rg_cduYGSNYpFQ
gvm8649ylm7_1748861698075.jpg,https://drive.google.com/uc?export=view&id=19ldjQWJ4IJFfcxPAdhmfUy0HIBmUrQIK
gwtth80bpqv_1748372536575.jpg,https://drive.google.com/uc?export=view&id=1nlH4czqO5SIjErTmkiYWpTuZ6wCfzRga
gyya8qamjln_1748855977763.jpg,https://drive.google.com/uc?export=view&id=1708BAEmvm246Dl5rVXdE-clx-T3PonnJ
h6k1xdkau4l_1748087909048.jpg,https://drive.google.com/uc?export=view&id=1tgVJqef7A4jTGTdMlWi1hlZ1suq95fkX
hngtpa6e87b_1748697063258.jpg,https://drive.google.com/uc?export=view&id=1GQXuVuOhS3Ivx5ol14pWK3NmwvwWgog2
hoxntnunzaj_1748089168259.jpg,https://drive.google.com/uc?export=view&id=1EcEJySZRN3fCLpcPNnLj7jEQk6pfj_mo
htlemtja8as_1748695920360.jpg,https://drive.google.com/uc?export=view&id=1Td9j0EKDhFKVc4klNE1AE9b1xB_DMfpo
hvwst0a2jiv_1748173457517.jpg,https://drive.google.com/uc?export=view&id=16PQ-ISrrmDOCwo27L3P6atGPG04YxYSo
i1gcuohgipm_1748860063018.jpg,https://drive.google.com/uc?export=view&id=12706JYviofG7PTPc3bXKPfkcVs06QDfo
i61hxbpa6k_1748863813406.jpg,https://drive.google.com/uc?export=view&id=1TyopBuRO4bg4lH93SyqaU6OhSB6x9-w8
ify3qzy6qhs_1748115642139.jpg,https://drive.google.com/uc?export=view&id=1ZiU-dh9QkZ1rF6tOK54ugNEj3n7s471u
ijpi5wkophk_1748859853605.jpg,https://drive.google.com/uc?export=view&id=1UfwksIE1mMCohSkzq7ZhGeKwTxHt9E3l
ipsle6cj1if_1748697065806.jpg,https://drive.google.com/uc?export=view&id=1QHhd25ZyCp_K3Yz1YWvhNDH7kj1z4MUh
ivdrfn97yz_1748089854247.jpg,https://drive.google.com/uc?export=view&id=1kklYxNsOivEQet3VU95oeDVqfuwjVTXt
iwopm4yg45q_1748193377211.jpg,https://drive.google.com/uc?export=view&id=1JrQfaHsmjCLhzcm72TyV2zVUPisuR1Lb
j001hneubb_1748090493249.jpg,https://drive.google.com/uc?export=view&id=1Wb06Jm5kNKk0yMtdPl1DIvZBHdW_XNOm
j7msug2eu3k_1748170688991.jpg,https://drive.google.com/uc?export=view&id=1-3WJwDP4MXLApDOU7iD3q0AR4UYcMl8N
j8avn5rj89_1745528920360.jpeg,https://drive.google.com/uc?export=view&id=1QB8XrT6Ea5Ef7DlMDQHdN50lM5t3t65T
jgzhr8ihpmd_1748175480824.jpg,https://drive.google.com/uc?export=view&id=1s8D4zsimlKszkWgYZt0dNHA6nm8qg5jp
jlb8vlq3w3r_1745852097015.jpg,https://drive.google.com/uc?export=view&id=1_kJovz4viTXTKrsvXOBlIOSFvXOm3lcd
jlikw29m6p_1745848444989.jpg,https://drive.google.com/uc?export=view&id=1StTvUkEdiCAxCaFu4zyHfejUCpI2yKgu
jtdnooa3pq_1745848973637.jpg,https://drive.google.com/uc?export=view&id=1RzxTE2UuOXcvbiWtlEB9WfDETZ95Kl0r
jtwaek69oga_1748084697235.jpg,https://drive.google.com/uc?export=view&id=1V_AlZBFMXkNvbYoEspJGxk4PACb6D2kg
jw9esejsr2_1748193424127.jpg,https://drive.google.com/uc?export=view&id=1wzEb7zchmDLZcQJIJDSF-WwHfOww2OTq
jwp6c9kf8p_1748088664551.jpg,https://drive.google.com/uc?export=view&id=1oQlJ7rK07cRhE5jtbDJRX46wXirAfQxq
k5lihajz5zq_1748540580627.jpg,https://drive.google.com/uc?export=view&id=1nWvdxoZbJcwTgy3a97-dA7AW56cyBBvM
k6reifdwuit_1745592870569.jpg,https://drive.google.com/uc?export=view&id=16wnIdjC1hoK6ABZlyG9mR5xiH0UvbHF6
ke5qtpj96da_1748856068183.jpg,https://drive.google.com/uc?export=view&id=1m3A3T_jaYdoa_VytOuiOeCd5yrY7AioS
ketxttthhx_1748115388341.jpg,https://drive.google.com/uc?export=view&id=1JiY70faPPIhPhHrTf9yOXpuVI3BvjZ95
kh7jclfo2mr_1748090137263.jpg,https://drive.google.com/uc?export=view&id=1zhFQ2_Rufwo3f2TY8xqPMTHTyU-8NHYF
kl22rcf96o8_1748372762118.jpg,https://drive.google.com/uc?export=view&id=14b7X5j5jqKQiIEJXE2Ah9veWS-rllZDO
kll83p9d1d_1748088080365.jpg,https://drive.google.com/uc?export=view&id=1CIT6VCsgZOxotTlm_npI952a3fC-0hdL
kpp3xn2nqve_1748172650574.jpg,https://drive.google.com/uc?export=view&id=1fRvEAmXGSnOJWoE_0SsknlbO6OAlUnni
kpzmpzxx4fd_1748088132691.jpg,https://drive.google.com/uc?export=view&id=1JX6nKhckxZ-OFn2OD1l46JKx8_bnJQyW
kqhkn1hbj9h_1745845210727.jpg,https://drive.google.com/uc?export=view&id=1JBUzB0_JvPbBIcQ9n2e--gOkbFCVjj65
kqmhlwonsff_1748633917104.jpg,https://drive.google.com/uc?export=view&id=1Im7TeTZovaeVYxCJww8Z_JUJ9TwIOyt_
ku2ix6snqae_1748115917586.jpg,https://drive.google.com/uc?export=view&id=1L1FppkJMmM0O_pGTpwJDyOHS5Hgv-lJw
kyhhn3cnpn_1745849053531.jpg,https://drive.google.com/uc?export=view&id=18EgIG9Fx0qnVcU4oOtf9pPrFiHxcDQOs
l21p7aztwwa_1748088200894.jpg,https://drive.google.com/uc?export=view&id=1oZGbVYGpQ4-EoCVl9RMWojQwE_j-2y95
ljptgzz466s_1748372530631.jpg,https://drive.google.com/uc?export=view&id=16PytWEy4snpdrDyn1eM1BcebFd0Hkfex
llmn7310dxl_1748696805287.jpg,https://drive.google.com/uc?export=view&id=1fT8hzBJ93o9AlVx6ceD8L-rYE2Vs9OHn
llqz6xo224_1748193516131.jpg,https://drive.google.com/uc?export=view&id=1yhdpAjCENJNiS0ZxcmDN0AG6Itjtb-Ff
lsod184j32l_1745528935272.jpeg,https://drive.google.com/uc?export=view&id=1ZdeiSEGhJ9t1wo8lnkRHb7GwOZcq6Gqj
lz56yii4ak_1748115021794.jpg,https://drive.google.com/uc?export=view&id=1VLaVrd6PLnlgHjXCMrLQ_3SV8S59Fwvw
m2xkz5w1tof_1748090717710.jpg,https://drive.google.com/uc?export=view&id=1qr551tnh0bqzJKsl4zapMU9y8ohqvYQi
m45r7wrdj7p_1748173528830.jpg,https://drive.google.com/uc?export=view&id=1h16lm8EUKnG9ZNBqQ1ZaPWmbW0f-tenR
md7cfhbp7m8_1748860206792.jpg,https://drive.google.com/uc?export=view&id=19YyEyV1BXeI807VF2_0v7-48r0oMV3kR
mflivch6bm_1748170691348.jpg,https://drive.google.com/uc?export=view&id=1BkdCfSdJLjUosNYI2CbwqtziAnXB_zgr
mj2s8p7c0t_1748372766722.jpg,https://drive.google.com/uc?export=view&id=1GwtC06jhRyRtTT7mtDpTlilGKZmWid8C
mmgh52rhvyi_1748543841550.jpg,https://drive.google.com/uc?export=view&id=1NGcA0g1iXp1bcnIDzxuhlYBX2rwJFKO7
mmisk28dipg_1748695917903.jpg,https://drive.google.com/uc?export=view&id=12BBXYyTwFXjgR6UTF3dIlquugDg744eJ
mub6sqqi9ug_1748860017756.jpg,https://drive.google.com/uc?export=view&id=1de6cFCzgkVNd2T6YIYVVXkcn51Icxu4j
mw0bp05x5cl_1748088661553.jpg,https://drive.google.com/uc?export=view&id=1NoXcUmc902OwkNXtBMTTLdeVN-iYWs8f
mwsefwueqf_1748695689035.jpg,https://drive.google.com/uc?export=view&id=1G5sRvAlW1HmfTXYm8s3m0OX72jWWtNNP
n3snc5v0gm_1745849291760.jpg,https://drive.google.com/uc?export=view&id=1-3wKnXsxnxyTCviKxh5tfqtntLe268cX
n5l8gzh8s5_1745844875648.jpg,https://drive.google.com/uc?export=view&id=1m1BKUHoCpxTWKl0J95o9YmzOqNfOkbEQ
n6gc3bhj4rc_1748088249226.jpg,https://drive.google.com/uc?export=view&id=13UfkTxsujimVKhNxqydAKHPpeGkV-J5I
n8ik4owm4aj_1748632247795.jpg,https://drive.google.com/uc?export=view&id=1uIJ-IHkvg-FPphzuhqyWI1P1Jz9LF9HI
n9e5fo221zi_1748634288974.jpg,https://drive.google.com/uc?export=view&id=1dBs59PtG_H3cazRsyYFlSByF1tdyVicN
ngno74xuc2r_1748115589947.jpg,https://drive.google.com/uc?export=view&id=1gMJlG-7yM_pNF5qQmSTAqMAnOh_sbsEL
nl3go6s3fcp_1748087677618.jpg,https://drive.google.com/uc?export=view&id=1Z1PdL0emLk94k20hIMW3yAE0HBPoLjiZ
nnp21d29l8i_1748696214763.jpg,https://drive.google.com/uc?export=view&id=19jDU4RF2asSlBNTCsIxzfVL3B65pPUOD
nntrs4pvvpj_1745847387020.jpg,https://drive.google.com/uc?export=view&id=1NsueBjgveB40dEYykO8MgDbxOsB05dl3
noil3s218qh_1748090045038.jpg,https://drive.google.com/uc?export=view&id=1UpIsKgPmpAuPAb9VlbSQfLz5tAtB9nHr
nsxxa9fol2_1748088843034.jpg,https://drive.google.com/uc?export=view&id=1G8vhaV_2AlQ1OkiKQYzu7xu9UkPcVI0T
o4hlpmkd7m9_1748087747303.jpg,https://drive.google.com/uc?export=view&id=1ppzOvqZbq5zupfv5JVDoiF3aeem9hN7b
o8g6tzuyu6_1748855848298.jpg,https://drive.google.com/uc?export=view&id=1dsZWtiTNqpTVXJTuIoJlH6SAyqEaA3oN
og6dy2hbt69_1748696153939.jpg,https://drive.google.com/uc?export=view&id=1P023Ucp7ajHeDO6yekodZd3-sj7lf6T8
oi7juqz7ix_1748860209043.jpg,https://drive.google.com/uc?export=view&id=1UmzZglel46XgsMe7KuFtuPYBTUL3A69L
oj83p3grn4p_1748115320562.jpg,https://drive.google.com/uc?export=view&id=10VoJFx5oPTeYvpsBCzmEtRp96gkRBlJJ
olayyoooz_1748170760556.jpg,https://drive.google.com/uc?export=view&id=1XVOoMDc6yPXsF7dAku-_ZaWXBvRIpo0y
op0rgjz8e3c_1745848892612.jpg,https://drive.google.com/uc?export=view&id=133DRwQPP6v2g5g3M9MODN5ujuMiz9VvC
opofw8x8n5g_1748087969565.jpg,https://drive.google.com/uc?export=view&id=1SDJJ92_pwAl0v8Ojt5qLo7arAsR72iTN
oru3dvoke8m_1748172896765.jpg,https://drive.google.com/uc?export=view&id=1GlCIgnSlmxbzTfIahpIkSWx0-sWThOZZ
owfqo17w8d_1748861642440.jpg,https://drive.google.com/uc?export=view&id=1DWk_zAo1vwIDk5nsWCnqYWQKx1Q_omgo
ozemy4dx1uh_1748104918518.jpg,https://drive.google.com/uc?export=view&id=1_QEmOB6MX5qjLb22jmilbmonjFIvwaap
p0cut4ls1xk_1748089457338.jpg,https://drive.google.com/uc?export=view&id=1uRFbO494a_LWdKAm89PnaSUVpWwiE3i0
p4yibfqjs3_1748170454884.jpg,https://drive.google.com/uc?export=view&id=1ImvpxB7hxStbINeTi2P4cKHnXRjfyhHb
p8yvefks3tc_1748861748745.jpg,https://drive.google.com/uc?export=view&id=1tXh1Gn_LSO2MEXP3DSimRpxzgMMRbete
pfd62fdjnf_1748115581807.jpg,https://drive.google.com/uc?export=view&id=1JCV86C5dZlZOjlQi4iG6YekavnmYHFZx
pg8gkqzm0dk_1748175478604.jpg,https://drive.google.com/uc?export=view&id=1QnY8T32cwWsEk88O0R4wEZG87456DwWk
pjk3k4rowa8_1745847550752.jpg,https://drive.google.com/uc?export=view&id=12bcv6nxMII2uFydgwQ4yFRhIG_f8Fazd
po46daawhcf_1748540585399.jpg,https://drive.google.com/uc?export=view&id=11VB2Y9db8pI-Y26DCEBfdw6xTykwpVXG
pqci7n8tg78_1748104707980.jpg,https://drive.google.com/uc?export=view&id=1G9OG5n4qvU9ZjzvmNChje9cwXqTNHvbN
pqgppaa6wp9_1748104916164.jpg,https://drive.google.com/uc?export=view&id=1bNuyQRJPXN6PjxDtGFVNtJMmHAhdX2NS
pw16mea4ezp_1748088988531.jpg,https://drive.google.com/uc?export=view&id=18XDFwJ5NzK9FG_yQprT7A89uSDByvmwi
pyabuaul2un_1748088197923.jpg,https://drive.google.com/uc?export=view&id=1J4wlN3ecTwUtBFlf5w-uf231nWfl0KRq
pytezdulbli_1748632249491.jpg,https://drive.google.com/uc?export=view&id=1Sz15iZ-l2mCl13AOe4ZmBy3SB2BdHPbJ
q1dt3jqaa1_1748193426457.jpg,https://drive.google.com/uc?export=view&id=1HdBB1aMEN5MNnoUcgiocQdAMAPx1YnhH
q2dsfmjhrvj_1748089995960.jpg,https://drive.google.com/uc?export=view&id=1QsKLmssYC3g1Rx-M-Cy8gm2VfSq5xSD1
qf95wfdpn1m_1748089454678.jpg,https://drive.google.com/uc?export=view&id=1hy_n5JeqjvRj473YjUbeJjK08xvVqEVU
qf9dmw60vpa_1748088294692.jpg,https://drive.google.com/uc?export=view&id=1_Y423uJudwyB0zdC1I4NlJIG-QPxO-m2
qgsvke654d_1748634290763.jpg,https://drive.google.com/uc?export=view&id=14kCCl8XwISpt-X_rdzC-YLQcLsq0uqEk
qsnb1djcp6c_1748695686701.jpg,https://drive.google.com/uc?export=view&id=1sWyuI4_Pg3nvUwt_YapnjM7sQB-E2YZ2
r78cfcu2lgb_1748697261616.jpg,https://drive.google.com/uc?export=view&id=1aqvI8f520QWSU-4nrdsn4QKANsOwg3uT
r9yihf10wv_1748540369818.jpg,https://drive.google.com/uc?export=view&id=15tPeB0HHbInxX67e0S1UiSqmRNdZ0_vA
rcfkgombpjm_1745593385669.jpg,https://drive.google.com/uc?export=view&id=1AfGo6osLgCicd-_IrYOK-9sSUNJzPseP
rfa4qgdjf4a_1745592645757.jpg,https://drive.google.com/uc?export=view&id=1s3hc0F2QihWZ-Mw_4cwer8-ow5cbRZqN
rqeuxdkb69_1748173708606.jpg,https://drive.google.com/uc?export=view&id=1s0y7UZCQJqZPzzXqaw2x0qwVsHWsW6xs
rs1qz9efhq_1748089282133.jpg,https://drive.google.com/uc?export=view&id=1eUgF4NUEbXYjOlE24FYDqkLE07CdtB91
rwa7pty1qg_1748462454678.jpg,https://drive.google.com/uc?export=view&id=1a1bRH9rwp7e9LcJlgNWIyyRQDS6LNl3y
rzfk8x5okv_1748170892057.jpg,https://drive.google.com/uc?export=view&id=1kLT7_0UacFaIdHcTPzi_zRAG7FL0jrcf
s2sbxr82oqc_1745593025666.jpg,https://drive.google.com/uc?export=view&id=1bWbnUh1j0voTj4eJwh3lwBM6G4Y27W2A
s4puhkeqx99_1748173651668.jpg,https://drive.google.com/uc?export=view&id=1zX7Eoq2OMmgdcfulYVQp1ITNzUCEa3aM
s8tjwbtuwl_1748859809884.jpg,https://drive.google.com/uc?export=view&id=1ZuYSadvIBdS88IQY4sJsvC-TBkks03VG
sa1ibnt46l_1745592757199.jpg,https://drive.google.com/uc?export=view&id=1oybEVttmarKvdpu27JWNHjefjERcyRlR
sbih38q2rlr_1748084699576.jpg,https://drive.google.com/uc?export=view&id=1DouRPNJd0ch4pj6CBZzJdUwOMKKamaJP
se0qvlr6u9q_1748697263903.jpg,https://drive.google.com/uc?export=view&id=1_XICHX5mMOcYwI3AQdmR0JiP42V4U38V
sl1vyurpbhl_1745848447053.jpg,https://drive.google.com/uc?export=view&id=1DiwBpLwTVrHcM9tdffKPvi4Sy4_fgEbj
slkvta8g2u_1748089993531.jpg,https://drive.google.com/uc?export=view&id=1crcAz5wzObji5iWeGc77n-wI1Wop4Vw3
snc4tonlshp_1748863706993.jpg,https://drive.google.com/uc?export=view&id=1OPROUR4hrcpba3tHu2qPNoy0dPHjh3JQ
ssxtra34mpb_1748170619458.jpg,https://drive.google.com/uc?export=view&id=1hhZNoYq9TW5F5_qJCMXDGIOt4QgpehMk
svzcginukk9_1748172807765.jpg,https://drive.google.com/uc?export=view&id=1RiBml1KoqfMOWjqEUZFQx_nuomCw5qn9
syy5x7z53sr_1748170523713.jpg,https://drive.google.com/uc?export=view&id=1pE_n2NHypyFKJhCf8bKTYhaa96iplj2_
t3jsd497b9_1745848780454.jpg,https://drive.google.com/uc?export=view&id=1PPy9a356d7vI17-fPE42voWvV2GIwV8s
t5th6zws58i_1745592759966.jpg,https://drive.google.com/uc?export=view&id=1Rb8i77HcXh0gSGLn9z6P2jWCyKk-XwCy
t6591vodf1k_1748855510564.jpg,https://drive.google.com/uc?export=view&id=1KNolwhWb5jiJcZVqlPbS8cqJDufVmJyC
t97dx4yz1t_1748696872370.jpg,https://drive.google.com/uc?export=view&id=1UMD-uKq7A342o2QUTmDOxaewc_DW48ko
tj55jwtihao_1748696212642.jpg,https://drive.google.com/uc?export=view&id=1e62tELWTMdsNmeXfRD1xsoOUt_GPhyos
tnbkzs5yh5_1748855245691.jpg,https://drive.google.com/uc?export=view&id=1IcxxjxUBmKiEON-soyWQ_fs6MPIv_87w
twtbfputcuc_1748173710772.jpg,https://drive.google.com/uc?export=view&id=1j6W3lepu4GQUHNGJbT6lkifD1cwGEv-2
u1k755uunp_1748089856703.jpg,https://drive.google.com/uc?export=view&id=1z5NaO956lhJdqS8I5Jb28u4PF7o4xF7O
u3jxl4g76i_1748173018626.jpg,https://drive.google.com/uc?export=view&id=1qIz4_YT44L6nG94ud-jSEd8bnRgolspE
u528izbb9p_1748173344707.jpg,https://drive.google.com/uc?export=view&id=1YQJAxL0hnFeICiax3kQxeOZmCeXkoyWy
uff2xm1925b_1748173083125.jpg,https://drive.google.com/uc?export=view&id=1a7tEFN6nn5Lg8VhfCjtNpu38dJoxo40W
ugy2s62nml_1748855452243.jpg,https://drive.google.com/uc?export=view&id=1M5O0nMebRIvtVbk_tOagcO1db3oGQq9g
umzltro9et9_1745847125837.jpg,https://drive.google.com/uc?export=view&id=1aY2wjR2JskaPYtnKawS3Mq_V4w2nQwGW
up9zfgepxqd_1748090659242.jpg,https://drive.google.com/uc?export=view&id=10kbya8bVi9VCPKuuj4KzzzQ_KzTQfgvq
urd84atr4aq_1745844753856.jpg,https://drive.google.com/uc?export=view&id=19J2YRlaC1V3i1wJttgEhUoLgwepBC_Om
usf1fwbwcs_1748696021325.jpg,https://drive.google.com/uc?export=view&id=1ygglkB7hBdyDozMIen2jURIkkbK1riVQ
uyhek9kio9_1748090714822.jpg,https://drive.google.com/uc?export=view&id=1A0mqnwhbN6O7aK7kBpdXr3s-YwgdcPYh
v2057z4dj7_1748088727518.jpg,https://drive.google.com/uc?export=view&id=19ltC-Tq36KKQuWiSbV7YYY2m0afHd9Zh
v5zc3rrz7e_1748088933742.jpg,https://drive.google.com/uc?export=view&id=1TBL6qCvx80QaKTIfpM6Bi9SydW7C9kpT
v8pzafpx7md_1748089354427.jpg,https://drive.google.com/uc?export=view&id=11Nknhd4Xax5VQokNG45sSgjBEWthuFP-
ve9pmq3cxd_1748193703480.jpg,https://drive.google.com/uc?export=view&id=1zX8T_Mbkd6vrtpkWt2XUyZF9D6Ltrhvp
vhcrfzym9fe_1748089716721.jpg,https://drive.google.com/uc?export=view&id=1uPycTn5GdTWE6TqUAsewPQd_I9ZmFciY
vhpz2dvfkaq_1748856070537.jpg,https://drive.google.com/uc?export=view&id=11FgU2qGMSuqehsfHxMxPABTyLeEf162i
vic9cuwxq2_1748088840479.jpg,https://drive.google.com/uc?export=view&id=1fxcpQWrbO4v2ZqW0RfSESeZpvRMnRGOd
vk877y6pabf_1748173342370.jpg,https://drive.google.com/uc?export=view&id=13hfwl_U0LB3rZGF_XOA6MEt8NBIBjPtz
vlofhojugbn_1748104439587.jpg,https://drive.google.com/uc?export=view&id=1y2OfeYwm-tjXO886SpshpNP0k-XJ1rpq
vpoaznu069_1748695447083.jpg,https://drive.google.com/uc?export=view&id=1cAEOfwFYbVjBcFVyKG8_nZTLgOwfNEMV
vudkfxedt3_1748089051420.jpg,https://drive.google.com/uc?export=view&id=1hIDDYTW3_Z_dYXihh3RuVhgtW07TM-RS
vupud9arkn_1748172648514.jpg,https://drive.google.com/uc?export=view&id=18TxfA01L4G9SVfVZodZeLbgoSo_cu6S7
vvvpvt2xqx_1748115994211.jpg,https://drive.google.com/uc?export=view&id=10mJtZXu5VKf1_wSSyzdWL4M_U-ksqOU8
vzde4jyxkr_1745592878056.jpg,https://drive.google.com/uc?export=view&id=1nSzEsfEQe3AQoBQVqpPzzDQd36hcyHSe
w2acupj6o7_1745848890473.jpg,https://drive.google.com/uc?export=view&id=1i30GxVgATYxWELY79h64pqj0hVggN3Qo
w41rqy3b58d_1745593130810.jpg,https://drive.google.com/uc?export=view&id=1-DxD3z37NitGOgpOOQMEwBEKMygTkBDd
w6h0k80qnjb_1748855387410.jpg,https://drive.google.com/uc?export=view&id=1VMA_hkP5MhAukk5TyuIRpe0TnTbjKkcw
wfeakkzk5aa_1748863815427.jpg,https://drive.google.com/uc?export=view&id=1AlJ7C0bGPC4TrrEfBK1n5kTf4Qwq1Hrl
whdw28h6yd_1748172960180.jpg,https://drive.google.com/uc?export=view&id=1t3H4QszKX8r0Gqma7z4ykvS1AUdz0prP
wj65ko3zs4_1748861695928.jpg,https://drive.google.com/uc?export=view&id=1PdKS52jV0gvQt7zPcfEcQ3kJGp7rV_9W
wobncecoc2_1748087841973.jpg,https://drive.google.com/uc?export=view&id=18ArT2nioMNSjHHdUYz1VYy5XOGDXYY1c
ww68ipyhxvq_1748172957905.jpg,https://drive.google.com/uc?export=view&id=1WS8_pKEZa6vJmjbEwhUJK0EJ2T_cm57S
x46a609pmx_1748115469502.jpg,https://drive.google.com/uc?export=view&id=1kNVhIJKmGCm6XG-MjILA_wZYdQqXGMov
x4njiyxr8z_1745848787116.jpg,https://drive.google.com/uc?export=view&id=1lBz4U9geSBxv_Pm-DewrSqeu5lhdK4Wc
x7jhal7w8ra_1745849051181.jpg,https://drive.google.com/uc?export=view&id=1X5z4Xm41haAo8lmnNVaMZEkundzkWrh3
xc0d1zleye_1748175536389.jpg,https://drive.google.com/uc?export=view&id=1LJBF1rHhDvG8zB8z07-Uy9QuCvQmI3Q9
xhpnih17jy_1748695971123.jpg,https://drive.google.com/uc?export=view&id=1S_noa8NHrKpz5Ux49vyoFs7jrrVkO7LU
xib1osk5ric_1748173649769.jpg,https://drive.google.com/uc?export=view&id=1S1wSmE1JlEUBca42-eRk2GuucouIkHc0
xkqqm3skmj8_1748115700385.jpg,https://drive.google.com/uc?export=view&id=1TJGIWFxtEQDgs1CAyVJBcy-fHWd_zP_g
xueaxqgob1_1748855389437.jpg,https://drive.google.com/uc?export=view&id=1DbcFanRcVYmn8zNQ5LlXPtO2heZUqnvY
xuhhe11qr7_1748173455363.jpg,https://drive.google.com/uc?export=view&id=1q4e9B7ubdMcyt5H8FMVgWhrYY0N3fO20
xvenq47i1hd_1745852089443.jpg,https://drive.google.com/uc?export=view&id=16aYAC5H5-7T2VjBArn95AINlnSarGGgy
xvzd7vxo5bb_1748170939671.jpg,https://drive.google.com/uc?export=view&id=1USpfC457uVbwHfcbSDX4oDaV13cO1WLl
xz47s5h5uim_1748695850331.jpg,https://drive.google.com/uc?export=view&id=1frkb56zAIOXunPE-Bms4EXKSqG1NsTWn
y17ehgqy5rm_1748634591291.jpg,https://drive.google.com/uc?export=view&id=1hjqnaYNx4WumBocRN9YEf8pwaKrbGjIg
y3w7m7x8m5_1748104372093.jpg,https://drive.google.com/uc?export=view&id=1kps_Dx0O7UxCsq-Jn_In1qUDPyTY0QZb
y70v66nsv_1748860065165.jpg,https://drive.google.com/uc?export=view&id=1BgfxHt5rngRvpplSt4iiHyvco9hb-NMI
y76c6or45qg_1745528215964.jpeg,https://drive.google.com/uc?export=view&id=1INiP6RUSrSwwbhe-YZkhCsUGB4dL4cJy
y8jf3c7flqn_1748543828485.jpg,https://drive.google.com/uc?export=view&id=1EunVX6LjFC7zcJqTF-QeGi2LiHjoIhPu
yhd5fcu82u_1748172744798.jpg,https://drive.google.com/uc?export=view&id=1TJXbXC_kYW8iMILGXuRHIn1VV8gsq9t8
yk4uvtwwle9_1745593380507.jpg,https://drive.google.com/uc?export=view&id=1Sn4cFhlxKTqq5l-FE-wwIxn4Oc4j92rm
ynzd42uh8f_1748087911297.jpg,https://drive.google.com/uc?export=view&id=1W_4gcSUgK_xAFENFpakukC2YNWA6ywyp
yxm70n3naeo_1748696807527.jpg,https://drive.google.com/uc?export=view&id=1oBf_DJ5Xp2sTq1xGwgTYcPHOXZ4tnXYI
z2pbaqqaw8_1748088030701.jpg,https://drive.google.com/uc?export=view&id=12foPf-9L-A9zJMTuCzelarsysWfTlNnI
zd1yuq9jgj_1748170937012.jpg,https://drive.google.com/uc?export=view&id=1nnCseLdmGxatRBMoAWPItdDk70S-zLtl
zl26ky6j41f_1748104853000.jpg,https://drive.google.com/uc?export=view&id=1wnCu-0dS_PVF_bqzRGD5pUR2L5WXxaR4
zspqfmk797s_1748090365573.jpg,https://drive.google.com/uc?export=view&id=1ZrvfcFOMb7ORn41F6PMrqGW1UY3pwCvC
zxkoysrjs5_1748175533870.jpg,https://drive.google.com/uc?export=view&id=15EbSnff389zPk2tUqgiGQILBu_wRT6Ki
